[
  {
    "id": "eab7357a-c5dd-4850-b59e-3a9fee8b9db7",
    "data": [
      {
        "text": "where can I borrow a book?",
        "userDefined": false
      }
    ],
    "isTemplate": false,
    "count": 0,
    "lang": "en",
    "updated": 0
  },
  {
    "id": "5df5c9a0-ca79-44e6-a520-778df3255b45",
    "data": [
      {
        "text": "where can I borrow book?",
        "userDefined": false
      }
    ],
    "isTemplate": false,
    "count": 0,
    "lang": "en",
    "updated": 0
  },
  {
    "id": "e1a138cd-5128-4c61-9a9d-550999cd74c0",
    "data": [
      {
        "text": "what book available?",
        "userDefined": false
      }
    ],
    "isTemplate": false,
    "count": 0,
    "lang": "en",
    "updated": 0
  },
  {
    "id": "0fc75ef3-4e0e-4a3a-ba70-1debaec9ed77",
    "data": [
      {
        "text": "show book list",
        "userDefined": false
      }
    ],
    "isTemplate": false,
    "count": 0,
    "lang": "en",
    "updated": 0
  },
  {
    "id": "d99cad49-83b5-4841-a79e-7c281daa0dab",
    "data": [
      {
        "text": "show me the list",
        "userDefined": false
      }
    ],
    "isTemplate": false,
    "count": 0,
    "lang": "en",
    "updated": 0
  },
  {
    "id": "411dd281-c70d-4e67-9778-51f7e2617717",
    "data": [
      {
        "text": "show me the books",
        "userDefined": false
      }
    ],
    "isTemplate": false,
    "count": 0,
    "lang": "en",
    "updated": 0
  },
  {
    "id": "cc45da75-8a3e-4a8c-9797-3b3e701eb1eb",
    "data": [
      {
        "text": "I want the book list",
        "userDefined": false
      }
    ],
    "isTemplate": false,
    "count": 0,
    "lang": "en",
    "updated": 0
  },
  {
    "id": "12c7b480-8139-4db4-8125-a8ea458012f1",
    "data": [
      {
        "text": "booklist",
        "userDefined": false
      }
    ],
    "isTemplate": false,
    "count": 0,
    "lang": "en",
    "updated": 0
  },
  {
    "id": "a686cf9f-9488-42d7-8a04-833da08b0f76",
    "data": [
      {
        "text": "Book List",
        "userDefined": false
      }
    ],
    "isTemplate": false,
    "count": 0,
    "lang": "en",
    "updated": 0
  },
  {
    "id": "6abc11a1-a6de-4305-a198-9c5ccbc865bd",
    "data": [
      {
        "text": "I need booklist",
        "userDefined": false
      }
    ],
    "isTemplate": false,
    "count": 0,
    "lang": "en",
    "updated": 0
  },
  {
    "id": "14c7219c-9f41-4437-8701-771ba7c375f7",
    "data": [
      {
        "text": "Where can I know the books condition?",
        "userDefined": false
      }
    ],
    "isTemplate": false,
    "count": 0,
    "lang": "en",
    "updated": 0
  }
]