[
  {
    "id": "7c3c9289-72ab-4ebd-bda0-579fad70f56b",
    "data": [
      {
        "text": "just arrived book",
        "userDefined": false
      }
    ],
    "isTemplate": false,
    "count": 0,
    "lang": "en",
    "updated": 0
  },
  {
    "id": "1c1829da-ae55-4dc1-ad7b-6dff8a861789",
    "data": [
      {
        "text": "new books",
        "userDefined": false
      }
    ],
    "isTemplate": false,
    "count": 0,
    "lang": "en",
    "updated": 0
  },
  {
    "id": "c09520d4-fb53-4f4e-9563-53e91830f1ef",
    "data": [
      {
        "text": "new arrival",
        "userDefined": false
      }
    ],
    "isTemplate": false,
    "count": 0,
    "lang": "en",
    "updated": 0
  },
  {
    "id": "a335857a-7b50-4d27-ad1e-7c73e5e4e13f",
    "data": [
      {
        "text": "any new arrival?",
        "userDefined": false
      }
    ],
    "isTemplate": false,
    "count": 0,
    "lang": "en",
    "updated": 0
  },
  {
    "id": "7694148b-4710-48e3-9790-ea48f1291af2",
    "data": [
      {
        "text": "any new?",
        "userDefined": false
      }
    ],
    "isTemplate": false,
    "count": 0,
    "lang": "en",
    "updated": 0
  },
  {
    "id": "b94793d0-7968-43cd-9240-7e8016cc7419",
    "data": [
      {
        "text": "I want to check the new arrival book",
        "userDefined": false
      }
    ],
    "isTemplate": false,
    "count": 0,
    "lang": "en",
    "updated": 0
  }
]