[
  {
    "id": "30e5f044-fa4b-465d-8171-cdf96fced006",
    "data": [
      {
        "text": "where can I reserve a seat?",
        "userDefined": false
      }
    ],
    "isTemplate": false,
    "count": 0,
    "lang": "en",
    "updated": 0
  },
  {
    "id": "40bdd873-0170-414e-bb09-fe10ff16d3ea",
    "data": [
      {
        "text": "book a seat",
        "userDefined": false
      }
    ],
    "isTemplate": false,
    "count": 0,
    "lang": "en",
    "updated": 0
  },
  {
    "id": "7f87a565-ddef-435e-be4c-6505f2c232d0",
    "data": [
      {
        "text": "seat",
        "userDefined": false
      }
    ],
    "isTemplate": false,
    "count": 0,
    "lang": "en",
    "updated": 0
  },
  {
    "id": "b7be8b25-839a-4805-82a2-f56a37b4a5d3",
    "data": [
      {
        "text": "reserve",
        "userDefined": false
      }
    ],
    "isTemplate": false,
    "count": 0,
    "lang": "en",
    "updated": 0
  },
  {
    "id": "e4b54558-e132-4737-88c9-c7eb89965f4b",
    "data": [
      {
        "text": "seat reservation",
        "userDefined": false
      }
    ],
    "isTemplate": false,
    "count": 0,
    "lang": "en",
    "updated": 0
  },
  {
    "id": "c71878d7-24e5-4ec9-ab9f-8749f25c82fd",
    "data": [
      {
        "text": "seay reservation",
        "userDefined": false
      }
    ],
    "isTemplate": false,
    "count": 0,
    "lang": "en",
    "updated": 0
  },
  {
    "id": "13226dd6-b3d4-4f4c-b3c0-40455a1951ac",
    "data": [
      {
        "text": "where can I reserve my seat?",
        "userDefined": false
      }
    ],
    "isTemplate": false,
    "count": 0,
    "lang": "en",
    "updated": 0
  },
  {
    "id": "c06ce94f-017c-407c-97e2-8656a7fea9b6",
    "data": [
      {
        "text": "where can I make the seat reservation?",
        "userDefined": false
      }
    ],
    "isTemplate": false,
    "count": 0,
    "lang": "en",
    "updated": 0
  },
  {
    "id": "92fa3ab1-f248-4a14-8b20-b0d95c6f1cb5",
    "data": [
      {
        "text": "i want to make seat reservation",
        "userDefined": false
      }
    ],
    "isTemplate": false,
    "count": 0,
    "lang": "en",
    "updated": 0
  },
  {
    "id": "37611f83-1ed7-4b05-a355-08092a6fef66",
    "data": [
      {
        "text": "I need a seat",
        "userDefined": false
      }
    ],
    "isTemplate": false,
    "count": 0,
    "lang": "en",
    "updated": 0
  },
  {
    "id": "cf8a8ef7-4b4b-4d1d-b584-860be70c1cef",
    "data": [
      {
        "text": "I want to reserve",
        "userDefined": false
      }
    ],
    "isTemplate": false,
    "count": 0,
    "lang": "en",
    "updated": 0
  }
]