[
  {
    "id": "943ab50e-bba1-4c54-82db-5eeb566e37bc",
    "data": [
      {
        "text": "current trending book",
        "userDefined": false
      }
    ],
    "isTemplate": false,
    "count": 0,
    "lang": "en",
    "updated": 0
  },
  {
    "id": "7222ec02-6c8a-4c4b-84e4-1a6459d82cd6",
    "data": [
      {
        "text": "hot books",
        "userDefined": false
      }
    ],
    "isTemplate": false,
    "count": 0,
    "lang": "en",
    "updated": 0
  },
  {
    "id": "a54b1b9d-b251-4e77-8f63-b1b5552ec019",
    "data": [
      {
        "text": "Trending books",
        "userDefined": false
      }
    ],
    "isTemplate": false,
    "count": 0,
    "lang": "en",
    "updated": 0
  },
  {
    "id": "463633e2-6b7b-4dc1-856e-36e4e309c9ae",
    "data": [
      {
        "text": "trending",
        "userDefined": false
      }
    ],
    "isTemplate": false,
    "count": 0,
    "lang": "en",
    "updated": 0
  },
  {
    "id": "38d8682e-6fe8-4f92-9289-b39bff78804e",
    "data": [
      {
        "text": "I want to know the trending books",
        "userDefined": false
      }
    ],
    "isTemplate": false,
    "count": 0,
    "lang": "en",
    "updated": 0
  }
]