[
  {
    "id": "d5038f99-ca94-4ec1-b121-787e8b1d6430",
    "data": [
      {
        "text": "change my password",
        "userDefined": false
      }
    ],
    "isTemplate": false,
    "count": 0,
    "lang": "en",
    "updated": 0
  },
  {
    "id": "54d516e9-eabd-42ce-9141-df2eba411f16",
    "data": [
      {
        "text": "check borrowed book",
        "userDefined": false
      }
    ],
    "isTemplate": false,
    "count": 0,
    "lang": "en",
    "updated": 0
  },
  {
    "id": "bdae1966-7d5f-44ce-9e1d-4e279d915584",
    "data": [
      {
        "text": "check my reservation",
        "userDefined": false
      }
    ],
    "isTemplate": false,
    "count": 0,
    "lang": "en",
    "updated": 0
  },
  {
    "id": "bc088f1b-27a9-485c-802f-0f93573f8650",
    "data": [
      {
        "text": "cancel reservation",
        "userDefined": false
      }
    ],
    "isTemplate": false,
    "count": 0,
    "lang": "en",
    "updated": 0
  },
  {
    "id": "50e62967-c87d-49cd-908d-fded67742a99",
    "data": [
      {
        "text": "return book",
        "userDefined": false
      }
    ],
    "isTemplate": false,
    "count": 0,
    "lang": "en",
    "updated": 0
  },
  {
    "id": "19c41807-ea1e-4ee9-b8a9-d61b6b8e1c9a",
    "data": [
      {
        "text": "cancel seat reservation",
        "userDefined": false
      }
    ],
    "isTemplate": false,
    "count": 0,
    "lang": "en",
    "updated": 0
  },
  {
    "id": "2f71e0b5-2e8b-44d7-8041-05eaa4dfbcff",
    "data": [
      {
        "text": "profile",
        "userDefined": false
      }
    ],
    "isTemplate": false,
    "count": 0,
    "lang": "en",
    "updated": 0
  },
  {
    "id": "d91e2d28-0f9e-4002-8892-ca180d021575",
    "data": [
      {
        "text": "prof",
        "userDefined": false
      }
    ],
    "isTemplate": false,
    "count": 0,
    "lang": "en",
    "updated": 0
  },
  {
    "id": "84d1843c-ca8a-4fbb-8e8d-1d01f8766ccd",
    "data": [
      {
        "text": "check status",
        "userDefined": false
      }
    ],
    "isTemplate": false,
    "count": 0,
    "lang": "en",
    "updated": 0
  },
  {
    "id": "027af165-0ce8-414a-8ec5-ee8c8c0ff03c",
    "data": [
      {
        "text": "user profile",
        "userDefined": false
      }
    ],
    "isTemplate": false,
    "count": 0,
    "lang": "en",
    "updated": 0
  },
  {
    "id": "60c938ac-4252-49d4-b91f-47fe20178ac1",
    "data": [
      {
        "text": "I want to check my user profile",
        "userDefined": false
      }
    ],
    "isTemplate": false,
    "count": 0,
    "lang": "en",
    "updated": 0
  }
]