[
  {
    "id": "93a939a8-02b8-47e7-b5cf-e4ba132ed217",
    "data": [
      {
        "text": "English",
        "userDefined": false
      },
      {
        "text": " prefered",
        "userDefined": false
      }
    ],
    "isTemplate": false,
    "count": 0,
    "lang": "en",
    "updated": 0
  },
  {
    "id": "14de72e7-5591-4fa8-8660-23c04307e52e",
    "data": [
      {
        "text": "I want to use English",
        "userDefined": false
      }
    ],
    "isTemplate": false,
    "count": 0,
    "lang": "en",
    "updated": 0
  },
  {
    "id": "c58819f8-4fac-475a-84d4-3d43ea9f196a",
    "data": [
      {
        "text": "continue",
        "userDefined": false
      }
    ],
    "isTemplate": false,
    "count": 0,
    "lang": "en",
    "updated": 0
  },
  {
    "id": "07aa2113-99f8-47cb-878c-04bea78efb66",
    "data": [
      {
        "text": "I prefer to use ",
        "userDefined": false
      },
      {
        "text": "english",
        "userDefined": false
      }
    ],
    "isTemplate": false,
    "count": 1,
    "lang": "en",
    "updated": 0
  },
  {
    "id": "0ab3f8aa-b44a-4c81-a484-35d8f1df9eba",
    "data": [
      {
        "text": "English",
        "userDefined": false
      }
    ],
    "isTemplate": false,
    "count": 0,
    "lang": "en",
    "updated": 0
  }
]