[
  {
    "id": "9e4ab6cf-4019-4bd7-b38a-e5a3a15dbb95",
    "data": [
      {
        "text": "teruskan",
        "userDefined": false
      }
    ],
    "isTemplate": false,
    "count": 0,
    "lang": "en",
    "updated": 0
  },
  {
    "id": "6135036d-ed2b-4db3-979c-68efc11eceb6",
    "data": [
      {
        "text": "bahasa melayu",
        "userDefined": false
      }
    ],
    "isTemplate": false,
    "count": 0,
    "lang": "en",
    "updated": 0
  },
  {
    "id": "ca35ec72-8647-48d1-96c8-2580fe31b864",
    "data": [
      {
        "text": "bahasa",
        "userDefined": false
      }
    ],
    "isTemplate": false,
    "count": 0,
    "lang": "en",
    "updated": 0
  },
  {
    "id": "646d4b2c-86e3-44cd-85f8-49d8637da3cd",
    "data": [
      {
        "text": "guna bahasa",
        "userDefined": false
      }
    ],
    "isTemplate": false,
    "count": 0,
    "lang": "en",
    "updated": 0
  },
  {
    "id": "bbbc1bd9-e2fc-48bc-87ce-45a5c0457f70",
    "data": [
      {
        "text": "mly",
        "userDefined": false
      }
    ],
    "isTemplate": false,
    "count": 0,
    "lang": "en",
    "updated": 0
  },
  {
    "id": "232d1006-24e9-4ca7-b489-4fe527567c31",
    "data": [
      {
        "text": "aku melayu",
        "userDefined": false
      }
    ],
    "isTemplate": false,
    "count": 0,
    "lang": "en",
    "updated": 0
  },
  {
    "id": "da54e399-c2c8-48d6-ae61-6f7db2da3869",
    "data": [
      {
        "text": "use Malay",
        "userDefined": false
      }
    ],
    "isTemplate": false,
    "count": 0,
    "lang": "en",
    "updated": 0
  },
  {
    "id": "23946740-7222-4fcf-bfda-1b57ad59e891",
    "data": [
      {
        "text": "Malay",
        "userDefined": false
      }
    ],
    "isTemplate": false,
    "count": 0,
    "lang": "en",
    "updated": 0
  },
  {
    "id": "cda6c0e6-e135-498e-95d7-c11b85b1ef1b",
    "data": [
      {
        "text": "Saya nak guna ",
        "userDefined": false
      },
      {
        "text": "Malay",
        "userDefined": false
      }
    ],
    "isTemplate": false,
    "count": 0,
    "lang": "en",
    "updated": 0
  }
]