[
  {
    "id": "d642d428-4f9b-4fcd-89bd-651013565711",
    "data": [
      {
        "text": "check buku sini",
        "userDefined": false
      }
    ],
    "isTemplate": false,
    "count": 0,
    "lang": "en",
    "updated": 0
  },
  {
    "id": "2753b67e-7e46-4024-94d3-ff31cacdfcde",
    "data": [
      {
        "text": "nak pinjam",
        "userDefined": false
      }
    ],
    "isTemplate": false,
    "count": 0,
    "lang": "en",
    "updated": 0
  },
  {
    "id": "b873de81-beb1-4de5-966b-3638b4ee3a39",
    "data": [
      {
        "text": "pinjam buku",
        "userDefined": false
      }
    ],
    "isTemplate": false,
    "count": 0,
    "lang": "en",
    "updated": 0
  },
  {
    "id": "b10f8593-fafe-4cf6-a050-2ea10b2d6614",
    "data": [
      {
        "text": "Manakah saya boleh meminjam buku?",
        "userDefined": false
      }
    ],
    "isTemplate": false,
    "count": 0,
    "lang": "en",
    "updated": 0
  },
  {
    "id": "65023ab3-eac5-4dc0-8e13-cffadc3b8067",
    "data": [
      {
        "text": "senarai buku",
        "userDefined": false
      }
    ],
    "isTemplate": false,
    "count": 0,
    "lang": "en",
    "updated": 0
  }
]