[
  {
    "id": "dc34791d-1229-4657-bb0b-0b84c5c421da",
    "data": [
      {
        "text": "buku baru",
        "userDefined": false
      }
    ],
    "isTemplate": false,
    "count": 0,
    "lang": "en",
    "updated": 0
  },
  {
    "id": "755ffe98-bee1-42c4-b95c-841a535d4245",
    "data": [
      {
        "text": "baru tiba",
        "userDefined": false
      }
    ],
    "isTemplate": false,
    "count": 0,
    "lang": "en",
    "updated": 0
  },
  {
    "id": "708ff01d-9ff3-4901-8c78-ff7330929e9a",
    "data": [
      {
        "text": "buku baru tiba",
        "userDefined": false
      }
    ],
    "isTemplate": false,
    "count": 0,
    "lang": "en",
    "updated": 0
  },
  {
    "id": "2651ae44-22ac-4522-aa37-d8bcae519c2f",
    "data": [
      {
        "text": "buku yang baru",
        "userDefined": false
      }
    ],
    "isTemplate": false,
    "count": 0,
    "lang": "en",
    "updated": 0
  },
  {
    "id": "336855da-06f9-43d6-af91-108f82563242",
    "data": [
      {
        "text": "ketibaan baru",
        "userDefined": false
      }
    ],
    "isTemplate": false,
    "count": 0,
    "lang": "en",
    "updated": 0
  },
  {
    "id": "1dcfd1d0-ed99-463c-8f62-99c33a7db3c2",
    "data": [
      {
        "text": "tengok buku ketibaan baru",
        "userDefined": false
      }
    ],
    "isTemplate": false,
    "count": 0,
    "lang": "en",
    "updated": 0
  },
  {
    "id": "2e7aadbf-fd4c-4d30-93c9-7da42a76bb92",
    "data": [
      {
        "text": "buku ketibaan baru",
        "userDefined": false
      }
    ],
    "isTemplate": false,
    "count": 0,
    "lang": "en",
    "updated": 0
  }
]