[
  {
    "id": "d4675ea6-730e-4ae2-9cdd-c648c6151561",
    "data": [
      {
        "text": "Manakah saya boleh menempah tempat duduk?",
        "userDefined": false
      }
    ],
    "isTemplate": false,
    "count": 0,
    "lang": "en",
    "updated": 0
  },
  {
    "id": "463c7b25-eb5b-471c-80bb-ba1cbe7b6e50",
    "data": [
      {
        "text": "buat reservation untuk tempat duduk",
        "userDefined": false
      }
    ],
    "isTemplate": false,
    "count": 0,
    "lang": "en",
    "updated": 0
  },
  {
    "id": "5d1c1aaf-4dc5-4c5e-bdb8-c3a7e71334d7",
    "data": [
      {
        "text": "nak reserve tempat duduk",
        "userDefined": false
      }
    ],
    "isTemplate": false,
    "count": 0,
    "lang": "en",
    "updated": 0
  },
  {
    "id": "46d845a5-de66-4bd8-9fe7-f835b9e34d13",
    "data": [
      {
        "text": "nak reserve tempat",
        "userDefined": false
      }
    ],
    "isTemplate": false,
    "count": 0,
    "lang": "en",
    "updated": 0
  },
  {
    "id": "f5053987-cc1b-4404-b57e-834a90620525",
    "data": [
      {
        "text": "book tempat duduk",
        "userDefined": false
      }
    ],
    "isTemplate": false,
    "count": 0,
    "lang": "en",
    "updated": 0
  },
  {
    "id": "5a794212-4e10-47f0-a59c-b5c5cc5c3a57",
    "data": [
      {
        "text": "nak book tempat",
        "userDefined": false
      }
    ],
    "isTemplate": false,
    "count": 0,
    "lang": "en",
    "updated": 0
  },
  {
    "id": "23f9e16e-92b6-42e4-8820-f61ba5861f41",
    "data": [
      {
        "text": "tempat duduk",
        "userDefined": false
      }
    ],
    "isTemplate": false,
    "count": 0,
    "lang": "en",
    "updated": 0
  },
  {
    "id": "3b752fd8-addf-4d09-b11d-323613ddc52b",
    "data": [
      {
        "text": "menempah tempat duduk",
        "userDefined": false
      }
    ],
    "isTemplate": false,
    "count": 0,
    "lang": "en",
    "updated": 0
  }
]