[
  {
    "id": "62dcd608-818e-4422-8eea-234209372780",
    "data": [
      {
        "text": "popular",
        "userDefined": false
      }
    ],
    "isTemplate": false,
    "count": 0,
    "lang": "en",
    "updated": 0
  },
  {
    "id": "97d8594a-0372-44e5-a627-57432008522d",
    "data": [
      {
        "text": "buku popular",
        "userDefined": false
      }
    ],
    "isTemplate": false,
    "count": 0,
    "lang": "en",
    "updated": 0
  },
  {
    "id": "c615bc43-0c70-4459-ada4-d49af9f67b43",
    "data": [
      {
        "text": "buku hot sekarang",
        "userDefined": false
      }
    ],
    "isTemplate": false,
    "count": 0,
    "lang": "en",
    "updated": 0
  },
  {
    "id": "cfb3d517-0db8-476b-a888-d733be02dfe0",
    "data": [
      {
        "text": "buku trending",
        "userDefined": false
      }
    ],
    "isTemplate": false,
    "count": 0,
    "lang": "en",
    "updated": 0
  },
  {
    "id": "7c0bdb24-9f7e-4706-9ca4-9c720ca87bf1",
    "data": [
      {
        "text": "Saya nak check apa buku trending",
        "userDefined": false
      }
    ],
    "isTemplate": false,
    "count": 0,
    "lang": "en",
    "updated": 0
  }
]