[
  {
    "id": "3b546fcc-e51d-4c79-b08d-4fb0890b95e4",
    "data": [
      {
        "text": "tukar",
        "userDefined": false
      }
    ],
    "isTemplate": false,
    "count": 0,
    "lang": "en",
    "updated": 0
  },
  {
    "id": "d0f5afd7-ea43-475f-90bb-e57e1d766f67",
    "data": [
      {
        "text": "tukar kata laluan",
        "userDefined": false
      }
    ],
    "isTemplate": false,
    "count": 0,
    "lang": "en",
    "updated": 0
  },
  {
    "id": "70b7bc8e-8a9f-4d20-b7a9-252c6b31e178",
    "data": [
      {
        "text": "tukar password",
        "userDefined": false
      }
    ],
    "isTemplate": false,
    "count": 0,
    "lang": "en",
    "updated": 0
  },
  {
    "id": "1ed56973-17c5-4717-8ff2-7e78f1b54e9f",
    "data": [
      {
        "text": "semak",
        "userDefined": false
      },
      {
        "text": " status",
        "userDefined": false
      }
    ],
    "isTemplate": false,
    "count": 0,
    "lang": "en",
    "updated": 0
  },
  {
    "id": "815c1764-9223-45a7-8e72-5c3215b1a73a",
    "data": [
      {
        "text": "check profil",
        "userDefined": false
      }
    ],
    "isTemplate": false,
    "count": 0,
    "lang": "en",
    "updated": 0
  },
  {
    "id": "7281d580-7919-45cb-97c6-ccad6a6e8889",
    "data": [
      {
        "text": "pulang",
        "userDefined": false
      }
    ],
    "isTemplate": false,
    "count": 0,
    "lang": "en",
    "updated": 0
  },
  {
    "id": "4e30e75c-5d57-4231-8b4c-458a554cd389",
    "data": [
      {
        "text": "pulangkan buku",
        "userDefined": false
      }
    ],
    "isTemplate": false,
    "count": 0,
    "lang": "en",
    "updated": 0
  },
  {
    "id": "994b295f-7c92-4878-9a0d-63399543c59e",
    "data": [
      {
        "text": "cancel tempahan",
        "userDefined": false
      }
    ],
    "isTemplate": false,
    "count": 0,
    "lang": "en",
    "updated": 0
  },
  {
    "id": "fb0989ea-e48f-467a-a105-1139dadabbdb",
    "data": [
      {
        "text": "cancel tempat",
        "userDefined": false
      }
    ],
    "isTemplate": false,
    "count": 0,
    "lang": "en",
    "updated": 0
  },
  {
    "id": "09089296-57a8-4061-9ec9-5e9b37936595",
    "data": [
      {
        "text": "tempat yang ditempah",
        "userDefined": false
      }
    ],
    "isTemplate": false,
    "count": 0,
    "lang": "en",
    "updated": 0
  },
  {
    "id": "ebe4fc94-5f34-4d15-b41f-646cfd21bc2a",
    "data": [
      {
        "text": "buku yang dipinjam",
        "userDefined": false
      }
    ],
    "isTemplate": false,
    "count": 0,
    "lang": "en",
    "updated": 0
  },
  {
    "id": "8768c37c-ad67-4729-a24c-dc3016eb0071",
    "data": [
      {
        "text": "semak buku yang dipinjam",
        "userDefined": false
      }
    ],
    "isTemplate": false,
    "count": 0,
    "lang": "en",
    "updated": 0
  },
  {
    "id": "1b1e0b83-4a9e-4422-bcb5-f16b6b351ee3",
    "data": [
      {
        "text": "semak",
        "userDefined": false
      }
    ],
    "isTemplate": false,
    "count": 0,
    "lang": "en",
    "updated": 0
  },
  {
    "id": "769ec3e3-61fe-4938-9782-0143ed7d4cdd",
    "data": [
      {
        "text": "semak tempahan",
        "userDefined": false
      }
    ],
    "isTemplate": false,
    "count": 0,
    "lang": "en",
    "updated": 0
  }
]