[
  {
    "id": "f2967f8e-462b-4b9a-a328-c11a20257562",
    "data": [
      {
        "text": "தொடரவும்",
        "userDefined": false
      }
    ],
    "isTemplate": false,
    "count": 0,
    "lang": "en",
    "updated": 0
  },
  {
    "id": "d8fdc2c6-c713-4d57-9c21-70c96825db3f",
    "data": [
      {
        "text": "தமிழ் பயன்படுத்தவும்",
        "userDefined": false
      }
    ],
    "isTemplate": false,
    "count": 0,
    "lang": "en",
    "updated": 0
  },
  {
    "id": "5de1412b-0d39-4a19-908d-b00bc2d1574b",
    "data": [
      {
        "text": "நான் தமிழ் பயன்படுத்த விரும்புகிறேன்",
        "userDefined": false
      }
    ],
    "isTemplate": false,
    "count": 0,
    "lang": "en",
    "updated": 0
  },
  {
    "id": "4110d7b6-a5e7-4cd2-9a8f-b5858d01db46",
    "data": [
      {
        "text": "தமிழ்",
        "userDefined": false
      }
    ],
    "isTemplate": false,
    "count": 0,
    "lang": "en",
    "updated": 0
  }
]