[
  {
    "id": "2b673055-d83b-4e10-9329-7d8c92d1cc6b",
    "data": [
      {
        "text": "ஏதேனும் புதியது",
        "userDefined": false
      }
    ],
    "isTemplate": false,
    "count": 0,
    "lang": "en",
    "updated": 0
  },
  {
    "id": "8376b04a-922d-4bf2-8813-4062f32f2d56",
    "data": [
      {
        "text": "புதிய வருகை",
        "userDefined": false
      }
    ],
    "isTemplate": false,
    "count": 0,
    "lang": "en",
    "updated": 0
  },
  {
    "id": "2c13b948-5ba5-47a3-b85b-482f6592df20",
    "data": [
      {
        "text": "புதிய",
        "userDefined": false
      }
    ],
    "isTemplate": false,
    "count": 0,
    "lang": "en",
    "updated": 0
  },
  {
    "id": "a9e3b02c-ebca-4549-ada3-310496271072",
    "data": [
      {
        "text": "புதிய புத்தகம்",
        "userDefined": false
      }
    ],
    "isTemplate": false,
    "count": 0,
    "lang": "en",
    "updated": 0
  },
  {
    "id": "66085014-4503-4a2e-8ba4-e663087d9f04",
    "data": [
      {
        "text": "ஏதாவது புதிய புத்தகம்?",
        "userDefined": false
      }
    ],
    "isTemplate": false,
    "count": 0,
    "lang": "en",
    "updated": 0
  },
  {
    "id": "bc8a147c-fb28-47e5-8445-95ad05184848",
    "data": [
      {
        "text": "புதிய வருகை புத்தகம்",
        "userDefined": false
      }
    ],
    "isTemplate": false,
    "count": 0,
    "lang": "en",
    "updated": 0
  }
]