[
  {
    "id": "ecb1c818-74d4-4c58-b2ab-9bb6d07eaa1a",
    "data": [
      {
        "text": "நான் எங்கு இருக்கையை முன்பதிவு செய்யலாம்?",
        "userDefined": false
      }
    ],
    "isTemplate": false,
    "count": 0,
    "lang": "en",
    "updated": 0
  },
  {
    "id": "1bddee2f-c5dd-4b9b-8b6e-a3e0b242df0d",
    "data": [
      {
        "text": "இருப்பு",
        "userDefined": false
      }
    ],
    "isTemplate": false,
    "count": 0,
    "lang": "en",
    "updated": 0
  },
  {
    "id": "66ae423c-cba9-40bb-bd78-86b448cc019e",
    "data": [
      {
        "text": "இருக்கையை பதிவு செய்யுங்கள்",
        "userDefined": false
      }
    ],
    "isTemplate": false,
    "count": 0,
    "lang": "en",
    "updated": 0
  },
  {
    "id": "7b0440df-4c79-4b7f-be1c-0234d6079f67",
    "data": [
      {
        "text": "இருக்கை முன்பதிவு செய்ய வேண்டும்",
        "userDefined": false
      }
    ],
    "isTemplate": false,
    "count": 0,
    "lang": "en",
    "updated": 0
  },
  {
    "id": "c2c42bed-733b-4fdd-91d9-8bab25abc898",
    "data": [
      {
        "text": "இருக்கை முன்பதிவு",
        "userDefined": false
      }
    ],
    "isTemplate": false,
    "count": 0,
    "lang": "en",
    "updated": 0
  }
]