[
  {
    "id": "7fdebcaf-d483-4151-9931-49eefd2cb4ed",
    "data": [
      {
        "text": "புத்தகங்களை தேடுகிறேன்",
        "userDefined": false
      }
    ],
    "isTemplate": false,
    "count": 0,
    "lang": "en",
    "updated": 0
  },
  {
    "id": "95635cf3-f3c3-41f1-81ce-fe1045ea11b4",
    "data": [
      {
        "text": "நான் புத்தகம் வாங்க வேண்டும்",
        "userDefined": false
      }
    ],
    "isTemplate": false,
    "count": 0,
    "lang": "en",
    "updated": 0
  },
  {
    "id": "db2fc24f-65fd-4057-a88e-493fdded0473",
    "data": [
      {
        "text": "கடன் புத்தகம்",
        "userDefined": false
      }
    ],
    "isTemplate": false,
    "count": 0,
    "lang": "en",
    "updated": 0
  },
  {
    "id": "d62522e0-fd60-44c9-a31f-39bf33caf406",
    "data": [
      {
        "text": "நான் ஒரு புத்தகத்தை எங்கே வாங்க முடியும்?",
        "userDefined": false
      }
    ],
    "isTemplate": false,
    "count": 0,
    "lang": "en",
    "updated": 0
  },
  {
    "id": "07b2e155-0cc5-4d12-bd6b-d6ea6b7c5780",
    "data": [
      {
        "text": "புத்தகப்பட்டியலை சரிபார்க்கவும்",
        "userDefined": false
      }
    ],
    "isTemplate": false,
    "count": 0,
    "lang": "en",
    "updated": 0
  },
  {
    "id": "f4d2ef03-0548-477e-80a8-5120fcbb48a3",
    "data": [
      {
        "text": "புத்தக பட்டியல்",
        "userDefined": false
      }
    ],
    "isTemplate": false,
    "count": 0,
    "lang": "en",
    "updated": 0
  }
]