[
  {
    "id": "4fffb674-e336-43c1-a987-0a83496bb6a7",
    "data": [
      {
        "text": "நான் ட்ரெண்டிங் புத்தகத்தைச் சரிபார்க்க விரும்புகிறேன்",
        "userDefined": false
      }
    ],
    "isTemplate": false,
    "count": 0,
    "lang": "en",
    "updated": 0
  },
  {
    "id": "ac3dfcb4-1054-4cd3-8b89-c11bb52d9633",
    "data": [
      {
        "text": "ஏதேனும் பிரபல புத்தகம்?",
        "userDefined": false
      }
    ],
    "isTemplate": false,
    "count": 0,
    "lang": "en",
    "updated": 0
  },
  {
    "id": "695134c9-ea23-4efb-829f-e739cba01e55",
    "data": [
      {
        "text": "பிரபலமான புத்தகம்",
        "userDefined": false
      }
    ],
    "isTemplate": false,
    "count": 0,
    "lang": "en",
    "updated": 0
  },
  {
    "id": "c04f1e71-0aa8-44e2-853f-bd9e7f198fb8",
    "data": [
      {
        "text": "பிரபலமான",
        "userDefined": false
      }
    ],
    "isTemplate": false,
    "count": 1,
    "lang": "en",
    "updated": 0
  }
]