[
  {
    "id": "6ff03bb8-8f3f-4ae7-8b35-21b80da93fb5",
    "data": [
      {
        "text": "திரும்ப புத்தகம்",
        "userDefined": false
      }
    ],
    "isTemplate": false,
    "count": 0,
    "lang": "en",
    "updated": 0
  },
  {
    "id": "c9073768-ba61-4459-ab36-b07f8abda301",
    "data": [
      {
        "text": "கடவுச்சொல்",
        "userDefined": false
      }
    ],
    "isTemplate": false,
    "count": 0,
    "lang": "en",
    "updated": 0
  },
  {
    "id": "4f4d2f9f-d02c-4d27-9c44-3f77d67b37e5",
    "data": [
      {
        "text": "கடவுச்சொல்லை மாற்று",
        "userDefined": false
      }
    ],
    "isTemplate": false,
    "count": 0,
    "lang": "en",
    "updated": 0
  },
  {
    "id": "13f587ed-feb6-44e1-83ce-2e4db4dcdc8e",
    "data": [
      {
        "text": "ரத்து செய்",
        "userDefined": false
      }
    ],
    "isTemplate": false,
    "count": 0,
    "lang": "en",
    "updated": 0
  },
  {
    "id": "90472272-92d8-4262-8989-e604be6b68a0",
    "data": [
      {
        "text": "முன்பதிவை ரத்து செய்",
        "userDefined": false
      }
    ],
    "isTemplate": false,
    "count": 0,
    "lang": "en",
    "updated": 0
  },
  {
    "id": "e46acfea-a497-44ad-a077-c74b012557cd",
    "data": [
      {
        "text": "கடன் வாங்கிய புத்தகத்தை சரிபார்க்கவும்",
        "userDefined": false
      }
    ],
    "isTemplate": false,
    "count": 0,
    "lang": "en",
    "updated": 0
  },
  {
    "id": "beea595b-4ef8-4db3-9061-b65cb1032cfb",
    "data": [
      {
        "text": "காசோலை",
        "meta": "@sys.person",
        "alias": "person",
        "userDefined": false
      }
    ],
    "isTemplate": false,
    "count": 0,
    "lang": "en",
    "updated": 0
  },
  {
    "id": "85376a74-5751-47b8-8f2e-9bc66f636452",
    "data": [
      {
        "text": "முன்பதிவை சரிபார்க்கவும்",
        "userDefined": false
      }
    ],
    "isTemplate": false,
    "count": 0,
    "lang": "en",
    "updated": 0
  },
  {
    "id": "2e7566b9-42c2-4233-a85b-be8935b8caab",
    "data": [
      {
        "text": "நிலையை அறிய",
        "userDefined": false
      }
    ],
    "isTemplate": false,
    "count": 0,
    "lang": "en",
    "updated": 0
  },
  {
    "id": "b7d7318f-729d-4a6c-ad3f-ee4db9483d96",
    "data": [
      {
        "text": "எனது பயனர் சுயவிவரத்தை சரிபார்க்கவும்",
        "userDefined": false
      }
    ],
    "isTemplate": false,
    "count": 0,
    "lang": "en",
    "updated": 0
  },
  {
    "id": "93b07636-9d94-408b-a298-5c2e6c56dfe0",
    "data": [
      {
        "text": "பயனர் சுயவிவரம்",
        "userDefined": false
      }
    ],
    "isTemplate": false,
    "count": 0,
    "lang": "en",
    "updated": 0
  }
]