[
  {
    "id": "d999f35d-29a5-46f7-9c50-fc2351d88a59",
    "data": [
      {
        "text": "抢手",
        "userDefined": false
      }
    ],
    "isTemplate": false,
    "count": 0,
    "lang": "en",
    "updated": 0
  },
  {
    "id": "185078a7-f272-42e9-9251-5378474c2d3f",
    "data": [
      {
        "text": "最近多人关注",
        "userDefined": false
      }
    ],
    "isTemplate": false,
    "count": 0,
    "lang": "en",
    "updated": 0
  },
  {
    "id": "ff3a0afc-2d45-4958-96a3-c34b689b7bb4",
    "data": [
      {
        "text": "最近受欢迎",
        "userDefined": false
      }
    ],
    "isTemplate": false,
    "count": 0,
    "lang": "en",
    "updated": 0
  },
  {
    "id": "e892bfc8-10c4-4aa8-9ab9-9824e1976d1a",
    "data": [
      {
        "text": "受欢迎的书",
        "userDefined": false
      }
    ],
    "isTemplate": false,
    "count": 0,
    "lang": "en",
    "updated": 0
  },
  {
    "id": "52abfbe6-3a47-41b0-97c1-0a1165061ccf",
    "data": [
      {
        "text": "热门",
        "userDefined": false
      }
    ],
    "isTemplate": false,
    "count": 0,
    "lang": "en",
    "updated": 0
  },
  {
    "id": "e9975aee-552a-4a22-a549-af139e6fe20d",
    "data": [
      {
        "text": "最近热门的书",
        "userDefined": false
      }
    ],
    "isTemplate": false,
    "count": 0,
    "lang": "en",
    "updated": 0
  },
  {
    "id": "c0504328-6fae-4501-b94d-c2508d3d0ad3",
    "data": [
      {
        "text": "最近热门",
        "userDefined": false
      }
    ],
    "isTemplate": false,
    "count": 0,
    "lang": "en",
    "updated": 0
  }
]