[
  {
    "id": "5c758675-3437-47b9-bb61-c5836c1699eb",
    "data": [
      {
        "text": "取消预定",
        "userDefined": false
      }
    ],
    "isTemplate": false,
    "count": 0,
    "lang": "en",
    "updated": 0
  },
  {
    "id": "b247932e-8b0d-4a80-a95c-d827bbdc0c72",
    "data": [
      {
        "text": "取消预订",
        "userDefined": false
      }
    ],
    "isTemplate": false,
    "count": 0,
    "lang": "en",
    "updated": 0
  },
  {
    "id": "03a4cd4d-ced2-413c-9cd8-ad57c0d750da",
    "data": [
      {
        "text": "更改密码",
        "userDefined": false
      }
    ],
    "isTemplate": false,
    "count": 0,
    "lang": "en",
    "updated": 0
  },
  {
    "id": "d9ab0fcb-a2b7-45f6-97e6-6e61970de4be",
    "data": [
      {
        "text": "已预定",
        "userDefined": false
      }
    ],
    "isTemplate": false,
    "count": 0,
    "lang": "en",
    "updated": 0
  },
  {
    "id": "46f73e0b-9204-43e1-95ce-6e95ca7f68ec",
    "data": [
      {
        "text": "已预订",
        "userDefined": false
      }
    ],
    "isTemplate": false,
    "count": 0,
    "lang": "en",
    "updated": 0
  },
  {
    "id": "8c69745b-2cf0-4156-b3ed-f5cbe24f8d65",
    "data": [
      {
        "text": "已租借",
        "userDefined": false
      }
    ],
    "isTemplate": false,
    "count": 0,
    "lang": "en",
    "updated": 0
  },
  {
    "id": "092b27fc-4507-4e03-a33e-496b8ff14247",
    "data": [
      {
        "text": "查询已租借书籍",
        "userDefined": false
      }
    ],
    "isTemplate": false,
    "count": 0,
    "lang": "en",
    "updated": 0
  },
  {
    "id": "62c9e5a6-2ca8-4e10-8105-facb63ad4702",
    "data": [
      {
        "text": "还书",
        "userDefined": false
      }
    ],
    "isTemplate": false,
    "count": 0,
    "lang": "en",
    "updated": 0
  },
  {
    "id": "1d1c9fd7-4bb8-443c-8658-2c381ba467e4",
    "data": [
      {
        "text": "查询预订位置",
        "userDefined": false
      }
    ],
    "isTemplate": false,
    "count": 0,
    "lang": "en",
    "updated": 0
  },
  {
    "id": "7e44d0c8-c93f-45bc-9fc1-11b28d2f3ee6",
    "data": [
      {
        "text": "查询预定",
        "userDefined": false
      }
    ],
    "isTemplate": false,
    "count": 0,
    "lang": "en",
    "updated": 0
  },
  {
    "id": "fccb0b72-01d3-4a5c-ab73-49b36a3a2a57",
    "data": [
      {
        "text": "查询预订",
        "userDefined": false
      }
    ],
    "isTemplate": false,
    "count": 0,
    "lang": "en",
    "updated": 0
  },
  {
    "id": "9023d8ef-e49b-4e84-b990-61be936ecb71",
    "data": [
      {
        "text": "用户情况",
        "userDefined": false
      }
    ],
    "isTemplate": false,
    "count": 0,
    "lang": "en",
    "updated": 0
  },
  {
    "id": "2d075062-4bcc-43da-a173-32ba306210e0",
    "data": [
      {
        "text": "账号情况",
        "userDefined": false
      }
    ],
    "isTemplate": false,
    "count": 0,
    "lang": "en",
    "updated": 0
  },
  {
    "id": "5ee9aeb1-7cf2-4ea8-9f09-e987a9f050c4",
    "data": [
      {
        "text": "账号",
        "userDefined": false
      }
    ],
    "isTemplate": false,
    "count": 0,
    "lang": "en",
    "updated": 0
  },
  {
    "id": "46797e76-de72-49c8-b4ea-bdc0dcd5b6a3",
    "data": [
      {
        "text": "我的账号资料",
        "userDefined": false
      }
    ],
    "isTemplate": false,
    "count": 0,
    "lang": "en",
    "updated": 0
  },
  {
    "id": "3823f657-af3d-4ded-a011-4120cd22c96a",
    "data": [
      {
        "text": "我的资料",
        "userDefined": false
      }
    ],
    "isTemplate": false,
    "count": 0,
    "lang": "en",
    "updated": 0
  },
  {
    "id": "86a5e795-aedc-412e-8775-96030bbca44d",
    "data": [
      {
        "text": "状况",
        "userDefined": false
      }
    ],
    "isTemplate": false,
    "count": 0,
    "lang": "en",
    "updated": 0
  },
  {
    "id": "89768b60-b3f5-43b4-b7b1-0a0d90011fa6",
    "data": [
      {
        "text": "资料",
        "userDefined": false
      }
    ],
    "isTemplate": false,
    "count": 0,
    "lang": "en",
    "updated": 0
  },
  {
    "id": "bef8197f-a4b4-49e3-8089-235a93ec13b5",
    "data": [
      {
        "text": "用户",
        "userDefined": false
      }
    ],
    "isTemplate": false,
    "count": 0,
    "lang": "en",
    "updated": 0
  },
  {
    "id": "cf8b0e24-17c9-474f-bb3f-e9a2ff437738",
    "data": [
      {
        "text": "用户资料",
        "userDefined": false
      }
    ],
    "isTemplate": false,
    "count": 0,
    "lang": "en",
    "updated": 0
  },
  {
    "id": "9c1833f5-883d-48f9-8cc7-ed1ff7dda2b5",
    "data": [
      {
        "text": "我想查询我的用户状况",
        "userDefined": false
      }
    ],
    "isTemplate": false,
    "count": 0,
    "lang": "en",
    "updated": 0
  }
]