[
  {
    "id": "43a36e26-5d44-49a0-a500-6d70d56e07d7",
    "data": [
      {
        "text": "订位子",
        "userDefined": false
      }
    ],
    "isTemplate": false,
    "count": 0,
    "lang": "en",
    "updated": 0
  },
  {
    "id": "c46b4b01-283d-44b1-8fba-57fa92f78694",
    "data": [
      {
        "text": "订位置",
        "userDefined": false
      }
    ],
    "isTemplate": false,
    "count": 0,
    "lang": "en",
    "updated": 0
  },
  {
    "id": "af29fe5d-c743-4dda-bdb0-92cf2c49a488",
    "data": [
      {
        "text": "位子",
        "userDefined": false
      }
    ],
    "isTemplate": false,
    "count": 0,
    "lang": "en",
    "updated": 0
  },
  {
    "id": "260e42a2-3494-43ab-af1a-f595f634c531",
    "data": [
      {
        "text": "位置",
        "userDefined": false
      }
    ],
    "isTemplate": false,
    "count": 0,
    "lang": "en",
    "updated": 0
  },
  {
    "id": "65565582-391e-4305-a758-a06477586e0f",
    "data": [
      {
        "text": "预订",
        "userDefined": false
      }
    ],
    "isTemplate": false,
    "count": 0,
    "lang": "en",
    "updated": 0
  },
  {
    "id": "183eb228-3382-441f-b240-6d7f0227e71f",
    "data": [
      {
        "text": "预定",
        "userDefined": false
      }
    ],
    "isTemplate": false,
    "count": 0,
    "lang": "en",
    "updated": 0
  },
  {
    "id": "87ffb2a0-1982-47f9-b33e-88e1a0e7f65d",
    "data": [
      {
        "text": "我想知道在哪里预订位置",
        "userDefined": false
      }
    ],
    "isTemplate": false,
    "count": 0,
    "lang": "en",
    "updated": 0
  },
  {
    "id": "3f7a15c0-4b40-47f5-9b6d-cf83deacfd50",
    "data": [
      {
        "text": "哪里能预订位置呢?",
        "userDefined": false
      }
    ],
    "isTemplate": false,
    "count": 0,
    "lang": "en",
    "updated": 0
  }
]