[
  {
    "id": "57bc0910-3b5a-4252-b46a-1ef406c15d22",
    "data": [
      {
        "text": "我想找新书",
        "userDefined": false
      }
    ],
    "isTemplate": false,
    "count": 0,
    "lang": "en",
    "updated": 0
  },
  {
    "id": "4e32989c-4fb2-47c7-b5da-5a8cbf207851",
    "data": [
      {
        "text": "有什么新书吗?",
        "userDefined": false
      }
    ],
    "isTemplate": false,
    "count": 0,
    "lang": "en",
    "updated": 0
  },
  {
    "id": "34a63d75-30f4-4c8c-b5ce-08cf56a5bc6d",
    "data": [
      {
        "text": "新到的书",
        "userDefined": false
      }
    ],
    "isTemplate": false,
    "count": 0,
    "lang": "en",
    "updated": 0
  },
  {
    "id": "ec683d3d-bcf1-40b2-9d60-1db0cc02c221",
    "data": [
      {
        "text": "新书",
        "userDefined": false
      }
    ],
    "isTemplate": false,
    "count": 0,
    "lang": "en",
    "updated": 0
  }
]