[
  {
    "id": "2e751b2f-8f7e-4045-aecf-0061e7554606",
    "data": [
      {
        "text": "哪里能借书呢?",
        "userDefined": false
      }
    ],
    "isTemplate": false,
    "count": 1,
    "lang": "en",
    "updated": 0
  },
  {
    "id": "eceabca4-ab45-4397-bac6-e131562a284c",
    "data": [
      {
        "text": "借书在哪里?",
        "userDefined": false
      }
    ],
    "isTemplate": false,
    "count": 0,
    "lang": "en",
    "updated": 0
  },
  {
    "id": "2b27b84d-7c62-42da-a7ec-41aaaf646c6a",
    "data": [
      {
        "text": "在哪里能借书呢?",
        "userDefined": false
      }
    ],
    "isTemplate": false,
    "count": 0,
    "lang": "en",
    "updated": 0
  },
  {
    "id": "1575b90b-b366-457a-8032-76df8e4efc01",
    "data": [
      {
        "text": "有什么书",
        "userDefined": false
      }
    ],
    "isTemplate": false,
    "count": 0,
    "lang": "en",
    "updated": 0
  },
  {
    "id": "397481e3-da22-4c21-b930-48125a582d1d",
    "data": [
      {
        "text": "我想知道有什么书",
        "userDefined": false
      }
    ],
    "isTemplate": false,
    "count": 0,
    "lang": "en",
    "updated": 0
  },
  {
    "id": "71d700ba-6881-43ab-a128-bb01f8ad7ef6",
    "data": [
      {
        "text": "我想借书",
        "userDefined": false
      }
    ],
    "isTemplate": false,
    "count": 0,
    "lang": "en",
    "updated": 0
  }
]