[
  {
    "id": "60ce14e3-bfca-4a15-909a-d30b69e9e961",
    "data": [
      {
        "text": "我选华语",
        "userDefined": false
      }
    ],
    "isTemplate": false,
    "count": 0,
    "lang": "en",
    "updated": 0
  },
  {
    "id": "65db0983-4f6e-4873-ad98-e1c00542c0d9",
    "data": [
      {
        "text": "我会中文",
        "userDefined": false
      }
    ],
    "isTemplate": false,
    "count": 0,
    "lang": "en",
    "updated": 0
  },
  {
    "id": "df2fea57-9f67-4cf1-967c-3332de282774",
    "data": [
      {
        "text": "我习惯华文",
        "userDefined": false
      }
    ],
    "isTemplate": false,
    "count": 0,
    "lang": "en",
    "updated": 0
  },
  {
    "id": "99764e6d-c284-4a04-a247-3c798bb3a50b",
    "data": [
      {
        "text": "我习惯华语",
        "userDefined": false
      }
    ],
    "isTemplate": false,
    "count": 0,
    "lang": "en",
    "updated": 0
  },
  {
    "id": "2096c4c6-e4d3-4618-a3d1-7a628ccf7a6f",
    "data": [
      {
        "text": "我习惯中文",
        "userDefined": false
      }
    ],
    "isTemplate": false,
    "count": 0,
    "lang": "en",
    "updated": 0
  },
  {
    "id": "5f1d4f77-6f32-4ee4-a498-134ce9b4f775",
    "data": [
      {
        "text": "华语",
        "userDefined": false
      }
    ],
    "isTemplate": false,
    "count": 0,
    "lang": "en",
    "updated": 0
  },
  {
    "id": "f0535224-2ae6-4ed6-ad13-d60021b941ac",
    "data": [
      {
        "text": "华文",
        "userDefined": false
      }
    ],
    "isTemplate": false,
    "count": 0,
    "lang": "en",
    "updated": 0
  },
  {
    "id": "9e808478-54dd-4e1c-af9f-037a8e76c7a7",
    "data": [
      {
        "text": "中文",
        "userDefined": false
      }
    ],
    "isTemplate": false,
    "count": 0,
    "lang": "en",
    "updated": 0
  }
]